{"name":"c450cdfe-55c6-4f84-bfed-e17f0ef238dd","id":"/providers/Microsoft.Flow/flows/c450cdfe-55c6-4f84-bfed-e17f0ef238dd","type":"Microsoft.Flow/flows","properties":{"apiId":"/providers/Microsoft.PowerApps/apis/shared_logicflows","displayName":"Chapter 11 - Using AI to update image descriptions in a SharePoint library","definition":{"metadata":{"workflowEntityId":null,"processAdvisorMetadata":null,"flowChargedByPaygo":null,"flowclientsuspensionreason":"None","flowclientsuspensiontime":null,"flowclientsuspensionreasondetails":null,"creator":{"id":"83a7637b-0579-4972-9387-38cf4acc552c","type":"User","tenantId":"27e8797c-c1a2-46f5-ae46-a802d2e90028"},"provisioningMethod":"FromDefinition","failureAlertSubscription":true,"clientLastModifiedTime":"2024-04-02T05:05:59.4381338Z","connectionKeySavedTimeKey":"2024-04-02T05:05:59.4381338Z"},"$schema":"https://schema.management.azure.com/providers/Microsoft.Logic/schemas/2016-06-01/workflowdefinition.json#","contentVersion":"1.0.0.0","parameters":{"$authentication":{"defaultValue":{},"type":"SecureObject"},"$connections":{"defaultValue":{},"type":"Object"}},"triggers":{"When_a_file_is_created_(properties_only)":{"recurrence":{"frequency":"Minute","interval":1},"splitOn":"@triggerOutputs()?['body/value']","type":"OpenApiConnection","inputs":{"parameters":{"dataset":"https://o365ninja.sharepoint.com/sites/CompanyImages","table":"b51ca27f-2b32-4bed-9cad-301b598727c2"},"host":{"apiId":"/providers/Microsoft.PowerApps/apis/shared_sharepointonline","connectionName":"shared_sharepointonline","operationId":"GetOnNewFileItems"},"authentication":"@parameters('$authentication')"},"conditions":[]}},"actions":{"Initialize_variable_-_Description":{"runAfter":{},"type":"InitializeVariable","inputs":{"variables":[{"name":"Description","type":"string"}]}},"Initialize_variable_-_Keywords":{"runAfter":{"Initialize_variable_-_Description":["Succeeded"]},"type":"InitializeVariable","inputs":{"variables":[{"name":"Keywords","type":"string"}]}},"Get_file_content_using_path":{"runAfter":{"Initialize_variable_-_Keywords":["Succeeded"]},"type":"OpenApiConnection","inputs":{"parameters":{"dataset":"https://o365ninja.sharepoint.com/sites/CompanyImages","path":"@triggerBody()?['{FullPath}']","inferContentType":true},"host":{"apiId":"/providers/Microsoft.PowerApps/apis/shared_sharepointonline","connectionName":"shared_sharepointonline","operationId":"GetFileContentByPath"},"authentication":"@parameters('$authentication')"}},"Describe_Image_Content":{"runAfter":{"Get_file_content_using_path":["Succeeded"]},"type":"OpenApiConnection","inputs":{"parameters":{"Image":"@body('Get_file_content_using_path')"},"host":{"apiId":"/providers/Microsoft.PowerApps/apis/shared_cognitiveservicescomputervision","connectionName":"shared_cognitiveservicescomputervision","operationId":"DescribeImageContentV2"},"authentication":"@parameters('$authentication')"}},"For_each":{"foreach":"@outputs('Describe_Image_Content')?['body/description/captions']","actions":{"Set_variable_-_Description":{"type":"SetVariable","inputs":{"name":"Description","value":"@items('For_each')?['text']"}},"Set_variable_-_Keywords":{"runAfter":{"Set_variable_-_Description":["Succeeded"]},"type":"SetVariable","inputs":{"name":"Keywords","value":"@{join(outputs('Describe_Image_Content')?['body/description/tags'],',')}"}},"Update_file_properties":{"runAfter":{"Set_variable_-_Keywords":["Succeeded"]},"type":"OpenApiConnection","inputs":{"parameters":{"dataset":"https://o365ninja.sharepoint.com/sites/CompanyImages","table":"b51ca27f-2b32-4bed-9cad-301b598727c2","id":"@triggerBody()?['ID']","item/Keywords":"@variables('Keywords')","item/OData__ExtendedDescription":"@variables('Description')"},"host":{"apiId":"/providers/Microsoft.PowerApps/apis/shared_sharepointonline","connectionName":"shared_sharepointonline","operationId":"PatchFileItem"},"authentication":"@parameters('$authentication')"}}},"runAfter":{"Describe_Image_Content":["Succeeded"]},"type":"Foreach"}},"outputs":{}},"connectionReferences":{"shared_sharepointonline":{"connectionName":"9282e8c4c428452ebe33f856832c2732","source":"Embedded","id":"/providers/Microsoft.PowerApps/apis/shared_sharepointonline","tier":"NotSpecified"},"shared_cognitiveservicescomputervision":{"connectionName":"shared-cognitiveserv-23234acd-7efd-4929-b4b3-3e62a0f08b66","source":"Embedded","id":"/providers/Microsoft.PowerApps/apis/shared_cognitiveservicescomputervision","tier":"NotSpecified"}},"flowFailureAlertSubscribed":false,"isManaged":false}}