{"name":"fc5eaa4d-2513-4151-9b45-210cd72ae8a2","id":"/providers/Microsoft.Flow/flows/fc5eaa4d-2513-4151-9b45-210cd72ae8a2","type":"Microsoft.Flow/flows","properties":{"apiId":"/providers/Microsoft.PowerApps/apis/shared_logicflows","displayName":"Chapter 09 - Resume Screener","definition":{"metadata":{"workflowEntityId":null,"processAdvisorMetadata":null,"flowChargedByPaygo":null,"flowclientsuspensionreason":"None","flowclientsuspensiontime":null,"flowclientsuspensionreasondetails":null,"creator":{"id":"83a7637b-0579-4972-9387-38cf4acc552c","type":"User","tenantId":"27e8797c-c1a2-46f5-ae46-a802d2e90028"},"provisioningMethod":"FromDefinition","failureAlertSubscription":true,"clientLastModifiedTime":"2024-03-27T02:56:29.977483Z","connectionKeySavedTimeKey":"2024-03-27T02:56:29.977483Z"},"$schema":"https://schema.management.azure.com/providers/Microsoft.Logic/schemas/2016-06-01/workflowdefinition.json#","contentVersion":"1.0.0.0","parameters":{"$authentication":{"defaultValue":{},"type":"SecureObject"},"$connections":{"defaultValue":{},"type":"Object"}},"triggers":{"When_a_new_email_arrives_in_a_shared_mailbox_(V2)":{"recurrence":{"frequency":"Minute","interval":1},"splitOn":"@triggerOutputs()?['body/value']","metadata":{"operationMetadataId":"1ada1fc6-eeed-4de3-a6d6-5833c1d2ee6f"},"type":"OpenApiConnection","inputs":{"parameters":{"mailboxAddress":"resumes@o365ninja.com","importance":"Any","hasAttachments":true,"includeAttachments":true,"folderId":"Inbox"},"host":{"apiId":"/providers/Microsoft.PowerApps/apis/shared_office365","connectionName":"shared_office365-1","operationId":"SharedMailboxOnNewEmailV2"},"authentication":"@parameters('$authentication')"},"conditions":[]}},"actions":{"Apply_to_each":{"foreach":"@triggerOutputs()?['body/attachments']","actions":{"Create_file_-_Add_resume_to_SharePoint_library":{"metadata":{"operationMetadataId":"2bb91928-af8f-415b-8ffc-120ce98b2a10"},"type":"OpenApiConnection","inputs":{"parameters":{"dataset":"https://o365ninja.sharepoint.com/sites/jobsandcandidates","folderPath":"/Resumes","name":"@concat(utcNow('yyyyMMddHHmmss'),'_',triggerOutputs()?['body/from'],'_',item()?['name'])","body":"@item()?['contentBytes']"},"host":{"apiId":"/providers/Microsoft.PowerApps/apis/shared_sharepointonline","connectionName":"shared_sharepointonline","operationId":"CreateFile"},"authentication":"@parameters('$authentication')"},"runtimeConfiguration":{"contentTransfer":{"transferMode":"Chunked"}}},"Get_file_properties_-_Get_properties_of_uploaded_file":{"runAfter":{"Create_file_-_Add_resume_to_SharePoint_library":["Succeeded"]},"metadata":{"operationMetadataId":"0e41a57a-398e-4d88-8cbb-9f67dd3def8b"},"type":"OpenApiConnection","inputs":{"parameters":{"dataset":"https://o365ninja.sharepoint.com/sites/jobsandcandidates","table":"b1315f52-261c-4439-88fe-b0129c1391d7","id":"@outputs('Create_file_-_Add_resume_to_SharePoint_library')?['body/ItemId']"},"host":{"apiId":"/providers/Microsoft.PowerApps/apis/shared_sharepointonline","connectionName":"shared_sharepointonline","operationId":"GetFileItem"},"authentication":"@parameters('$authentication')"}},"Extract_information_from_documents_-_Extract_candidate_information_from_resume":{"runAfter":{"Create_item_-_Candidate_list_entry":["Succeeded"]},"metadata":{"flowSystemMetadata":{"portalOperationId":"aibuilderpredict_formsprocessing","portalOperationGroup":"aibuilder","portalOperationApiDisplayNameOverride":"AI Builder","portalOperationIconOverride":"https://content.powerapps.com/resource/makerx/static/pauto/images/designeroperations/aiBuilderNew.51dbdb6b.png","portalOperationBrandColorOverride":"#0A76C4","portalOperationApiTierOverride":"Standard"},"operationMetadataId":"2159f788-d861-4f47-a911-672be3593cc6"},"type":"OpenApiConnection","inputs":{"parameters":{"recordId":"9c379dc8-71a3-49fc-b64d-52043baa50c4","item/requestv2/mimeType":"application/pdf","item/requestv2/base64Encoded":"@body('Get_file_content_using_path_-_Import_resume_data')"},"host":{"apiId":"/providers/Microsoft.PowerApps/apis/shared_commondataserviceforapps","connectionName":"shared_commondataserviceforapps","operationId":"aibuilderpredict_formsprocessing"},"authentication":"@parameters('$authentication')"}},"Get_items_-_Import_job_descriptions":{"runAfter":{"Update_item_-_Update_candidate_personal_data":["Succeeded"]},"metadata":{"operationMetadataId":"fe052643-38e0-4e84-acb7-5324afadcfba"},"type":"OpenApiConnection","inputs":{"parameters":{"dataset":"https://o365ninja.sharepoint.com/sites/jobsandcandidates","table":"c6886ab3-4522-4081-ad11-a2126ad0bfe4","$filter":"Title eq 'Service Desk Technician'"},"host":{"apiId":"/providers/Microsoft.PowerApps/apis/shared_sharepointonline","connectionName":"shared_sharepointonline","operationId":"GetItems"},"authentication":"@parameters('$authentication')"}},"For_each":{"foreach":"@outputs('Get_items_-_Import_job_descriptions')?['body/value']","actions":{"Update_item_-_Update_candidate_status":{"runAfter":{"Set_variable_-_CandidateSummary":["Succeeded"]},"metadata":{"operationMetadataId":"44006d11-d71a-4c38-a47a-fdc2c4a92e9c"},"type":"OpenApiConnection","inputs":{"parameters":{"dataset":"https://o365ninja.sharepoint.com/sites/jobsandcandidates","table":"9cfd52c6-96c0-4adf-9e8a-0516c9449ebe","id":"@body('Update_item_-_Update_candidate_personal_data')?['ID']","item/Candidatesummary":"@{variables('CandidateSummary')}","item/AI_x002d_screened":true,"item/Rolematch_x003a_ServiceDeskTechn":"@variables('RoleFit')","item/Reason":"@variables('RoleFitSummary')"},"host":{"apiId":"/providers/Microsoft.PowerApps/apis/shared_sharepointonline","connectionName":"shared_sharepointonline","operationId":"PatchItem"},"authentication":"@parameters('$authentication')"}},"Create_text_with_GPT_using_a_prompt_-_Evaluate_candidate_against_job_description":{"metadata":{"flowSystemMetadata":{"portalOperationId":"aibuilderpredict_customprompt","portalOperationGroup":"aibuilder","portalOperationApiDisplayNameOverride":"AI Builder","portalOperationIconOverride":"https://content.powerapps.com/resource/makerx/static/pauto/images/designeroperations/aiBuilderNew.51dbdb6b.png","portalOperationBrandColorOverride":"#0A76C4","portalOperationApiTierOverride":"Standard"},"operationMetadataId":"857a0bbb-ce10-4ff5-89af-d4149c1adfe2"},"type":"OpenApiConnection","inputs":{"parameters":{"recordId":"a0a1704d-0e9c-414d-ab0b-c8dee34ef9e7","item/requestv2/RoleTitle":"@items('For_each')?['Title']","item/requestv2/CandidateResume":"@outputs('Convert_PDF_Document_to_Text_(txt)')?['body/TextResult']","item/requestv2/RoleDescription":"@items('For_each')?['JobDescription']"},"host":{"apiId":"/providers/Microsoft.PowerApps/apis/shared_commondataserviceforapps","connectionName":"shared_commondataserviceforapps","operationId":"aibuilderpredict_customprompt"},"authentication":"@parameters('$authentication')"}},"Set_variable_-_RoleFitJson":{"runAfter":{"Create_text_with_GPT_using_a_prompt_-_Evaluate_candidate_against_job_description":["Succeeded"]},"type":"SetVariable","inputs":{"name":"RoleFitJson","value":"@outputs('Create_text_with_GPT_using_a_prompt_-_Evaluate_candidate_against_job_description')?['body/responsev2/predictionOutput/text']"}},"Set_variable_-_RoleFitSummary":{"runAfter":{"Set_variable_-_RoleFit":["Succeeded"]},"type":"SetVariable","inputs":{"name":"RoleFitSummary","value":"@body('Parse_JSON_-_Extract_generated_RoleFit_data')?['RoleFitSummary']"}},"Set_variable_-_CandidateSummary":{"runAfter":{"Set_variable_-_RoleFitSummary":["Succeeded"]},"type":"SetVariable","inputs":{"name":"CandidateSummary","value":"@body('Parse_JSON_-_Extract_generated_RoleFit_data')?['CandidateSummary']"}},"Set_variable_-_RoleFit":{"runAfter":{"Parse_JSON_-_Extract_generated_RoleFit_data":["Succeeded"]},"type":"SetVariable","inputs":{"name":"RoleFit","value":"@body('Parse_JSON_-_Extract_generated_RoleFit_data')?['RoleFit']"}},"Parse_JSON_-_Extract_generated_RoleFit_data":{"runAfter":{"Set_variable_-_RoleFitJson":["Succeeded"]},"type":"ParseJson","inputs":{"content":"@variables('RoleFitJson')","schema":{"type":"object","properties":{"RoleFit":{"type":"string"},"RoleFitSummary":{"type":"string"},"CandidateSummary":{"type":"string"}}}}},"Condition_-_Check_RoleFit":{"actions":{"Post_message_in_a_chat_or_channel":{"type":"OpenApiConnection","inputs":{"parameters":{"poster":"Flow bot","location":"Channel","body/recipient/groupId":"4bf073d9-48f4-4577-a800-478a6643a5aa","body/recipient/channelId":"19:1lTk8qrBTlLMCPezfjXRF6re0WeB2QNmIc-9Fe7qTzk1@thread.tacv2","body/messageBody":"<p>Hello, everyone! A new candidate has submitted their resume.</p><p><br><b><strong>Candidate</strong></b>: @{body('Extract_information_from_documents_-_Extract_candidate_information_from_resume')?['responsev2']?['predictionOutput']?['labels']?['First_00702ef921ed1d89bf63353c899af7e338']?['value']} @{body('Extract_information_from_documents_-_Extract_candidate_information_from_resume')?['responsev2']?['predictionOutput']?['labels']?['Last_0027b4888049459f04adf3d6023c45e8ac8']?['value']}</p><p><b><strong>Candidate Summary</strong></b>: @{variables('CandidateSummary')}</p><p><b><strong>Recommendation</strong></b>: @{variables('RoleFitSummary')}</p><p><b><strong>Role Fit</strong></b>: @{variables('RoleFit')}</p><br><br><p>You can view their entire resume here: @{body('Update_item_-_Update_candidate_status')?['{Link}']}</p>"},"host":{"apiId":"/providers/Microsoft.PowerApps/apis/shared_teams","connectionName":"shared_teams","operationId":"PostMessageToConversation"},"authentication":"@parameters('$authentication')"}}},"runAfter":{"Update_item_-_Update_candidate_status":["Succeeded"]},"else":{"actions":{"Send_an_email_from_a_shared_mailbox_(V2)":{"type":"OpenApiConnection","inputs":{"parameters":{"emailMessage/MailboxAddress":"resumes@o365ninja.com","emailMessage/To":"@body('Extract_information_from_documents_-_Extract_candidate_information_from_resume')?['responsev2']?['predictionOutput']?['labels']?['Email']?['value']","emailMessage/Subject":"We're sorry. You're not a fit for the@{body('Update_item_-_Update_candidate_personal_data')?['Rolematch_x003a_ServiceDeskTechn']} at this time.","emailMessage/Body":"<p>Dear @{body('Extract_information_from_documents_-_Extract_candidate_information_from_resume')?['responsev2']?['predictionOutput']?['labels']?['First_00702ef921ed1d89bf63353c899af7e338']?['value']},</p><br><p>We sincerely appreciate your interest in this role. However, we have determined that based on the skills presented in your resume, you are not a fit for this role.</p><br><p>Regards,</p><br><p>Office 365 Ninja HR</p>","emailMessage/Importance":"Normal"},"host":{"apiId":"/providers/Microsoft.PowerApps/apis/shared_office365","connectionName":"shared_office365-1","operationId":"SharedMailboxSendEmailV2"},"authentication":"@parameters('$authentication')"}}}},"expression":{"or":[{"equals":["@variables('RoleFit')","Yes"]},{"equals":["@variables('RoleFit')","Maybe"]}]},"type":"If"}},"runAfter":{"Convert_PDF_Document_to_Text_(txt)":["Succeeded"]},"metadata":{"operationMetadataId":"237ebbeb-aa24-4b0e-80f2-d12fa51cd1d7"},"type":"Foreach"},"Create_item_-_Candidate_list_entry":{"runAfter":{"Get_file_content_using_path_-_Import_resume_data":["Succeeded"]},"metadata":{"operationMetadataId":"f01d8977-fe8b-46ba-a5c2-9dd832966180"},"type":"OpenApiConnection","inputs":{"parameters":{"dataset":"https://o365ninja.sharepoint.com/sites/jobsandcandidates","table":"9cfd52c6-96c0-4adf-9e8a-0516c9449ebe"},"host":{"apiId":"/providers/Microsoft.PowerApps/apis/shared_sharepointonline","connectionName":"shared_sharepointonline","operationId":"PostItem"},"authentication":"@parameters('$authentication')"}},"Update_item_-_Update_candidate_personal_data":{"runAfter":{"Extract_information_from_documents_-_Extract_candidate_information_from_resume":["Succeeded"]},"metadata":{"operationMetadataId":"94044be5-4ae7-4296-8f88-775d57fc49c1"},"type":"OpenApiConnection","inputs":{"parameters":{"dataset":"https://o365ninja.sharepoint.com/sites/jobsandcandidates","table":"9cfd52c6-96c0-4adf-9e8a-0516c9449ebe","id":"@body('Create_item_-_Candidate_list_entry')?['ID']","item/Firstname":"@{body('Extract_information_from_documents_-_Extract_candidate_information_from_resume')?['responsev2']?['predictionOutput']?['labels']?['First_00702ef921ed1d89bf63353c899af7e338']?['value']}","item/Lastname":"@body('Extract_information_from_documents_-_Extract_candidate_information_from_resume')?['responsev2']?['predictionOutput']?['labels']?['Last_0027b4888049459f04adf3d6023c45e8ac8']?['value']","item/Phonenumber":"@body('Extract_information_from_documents_-_Extract_candidate_information_from_resume')?['responsev2']?['predictionOutput']?['labels']?['Phone_00306f1bb20677a622fc38185239e89a94']?['value']","item/Email":"@body('Extract_information_from_documents_-_Extract_candidate_information_from_resume')?['responsev2']?['predictionOutput']?['labels']?['Email']?['value']","item/Previousrole":"@body('Extract_information_from_documents_-_Extract_candidate_information_from_resume')?['responsev2']?['predictionOutput']?['labels']?['Current_5be5a7acc73bf111fec5d01956d0bd5c']?['value']","item/Currentcompany":"@body('Extract_information_from_documents_-_Extract_candidate_information_from_resume')?['responsev2']?['predictionOutput']?['labels']?['Current_105cef19f85e281840634dc96dec072f']?['value']","item/Resumelink":"@{body('Get_file_properties_-_Get_properties_of_uploaded_file')?['{Link}']}","item/AI_x002d_screened":false},"host":{"apiId":"/providers/Microsoft.PowerApps/apis/shared_sharepointonline","connectionName":"shared_sharepointonline","operationId":"PatchItem"},"authentication":"@parameters('$authentication')"}},"Get_file_content_using_path_-_Import_resume_data":{"runAfter":{"Get_file_properties_-_Get_properties_of_uploaded_file":["Succeeded"]},"metadata":{"operationMetadataId":"aa855ad0-2560-44c5-8bf4-e733db5d71b9"},"type":"OpenApiConnection","inputs":{"parameters":{"dataset":"https://o365ninja.sharepoint.com/sites/jobsandcandidates","path":"@outputs('Create_file_-_Add_resume_to_SharePoint_library')?['body/Path']","inferContentType":true},"host":{"apiId":"/providers/Microsoft.PowerApps/apis/shared_sharepointonline","connectionName":"shared_sharepointonline","operationId":"GetFileContentByPath"},"authentication":"@parameters('$authentication')"}},"Convert_PDF_Document_to_Text_(txt)":{"runAfter":{"Get_items_-_Import_job_descriptions":["Succeeded"]},"metadata":{"operationMetadataId":"55969a11-45b1-4c8f-b81b-ab8198baed0b"},"type":"OpenApiConnection","inputs":{"parameters":{"inputFile/body":"@body('Get_file_content_using_path_-_Import_resume_data')","inputFile/fileName":"@body('Get_file_properties_-_Get_properties_of_uploaded_file')?['{FilenameWithExtension}']"},"host":{"apiId":"/providers/Microsoft.PowerApps/apis/shared_cloudmersiveconvert","connectionName":"shared_cloudmersiveconvert","operationId":"ConvertDocument_PdfToTxt"},"authentication":"@parameters('$authentication')"}}},"runAfter":{"Initialize_variable_-_CandidateSummary":["Succeeded"]},"metadata":{"operationMetadataId":"6ff02589-3e79-4b20-88b2-2f9f45fc15e8"},"type":"Foreach"},"Initialize_variable_-_RoleFitSummary_":{"runAfter":{"Initialize_variable_-_RoleFit":["Succeeded"]},"type":"InitializeVariable","inputs":{"variables":[{"name":"RoleFitSummary","type":"string"}]}},"Initialize_variable_-_CandidateSummary":{"runAfter":{"Initialize_variable_-_RoleFitSummary_":["Succeeded"]},"type":"InitializeVariable","inputs":{"variables":[{"name":"CandidateSummary","type":"string"}]}},"Initialize_variable_-_RoleFit":{"runAfter":{"Initialize_variable_-_RoleFitJson":["Succeeded"]},"type":"InitializeVariable","inputs":{"variables":[{"name":"RoleFit","type":"string"}]}},"Initialize_variable_-_RoleFitJson":{"runAfter":{},"type":"InitializeVariable","inputs":{"variables":[{"name":"RoleFitJson","type":"string"}]}}},"outputs":{}},"connectionReferences":{"shared_office365-1":{"connectionName":"shared-office365-1c513aba-46bd-4753-9cbc-4911560996d3","source":"Embedded","id":"/providers/Microsoft.PowerApps/apis/shared_office365","tier":"NotSpecified"},"shared_sharepointonline":{"connectionName":"9282e8c4c428452ebe33f856832c2732","source":"Embedded","id":"/providers/Microsoft.PowerApps/apis/shared_sharepointonline","tier":"NotSpecified"},"shared_commondataserviceforapps":{"connectionName":"shared-commondataser-3daff3d1-3871-43fa-a339-2c6c7473c614","source":"Embedded","id":"/providers/Microsoft.PowerApps/apis/shared_commondataserviceforapps","tier":"NotSpecified"},"shared_teams":{"connectionName":"shared-teams-89fa17b8-dd95-4a08-b64f-953ed06d797f","source":"Embedded","id":"/providers/Microsoft.PowerApps/apis/shared_teams","tier":"NotSpecified"},"shared_cloudmersiveconvert":{"connectionName":"shared-cloudmersivec-be4b6e0c-50d2-481e-9049-994f8fdcc97f","source":"Embedded","id":"/providers/Microsoft.PowerApps/apis/shared_cloudmersiveconvert","tier":"NotSpecified"}},"flowFailureAlertSubscribed":false,"isManaged":false}}