{"name":"707b4af7-076c-407c-8315-6ac8883e329f","id":"/providers/Microsoft.Flow/flows/707b4af7-076c-407c-8315-6ac8883e329f","type":"Microsoft.Flow/flows","properties":{"apiId":"/providers/Microsoft.PowerApps/apis/shared_logicflows","displayName":"Chapter 08 - Processing the identity document","definition":{"metadata":{"workflowEntityId":null,"processAdvisorMetadata":null,"flowChargedByPaygo":null,"flowclientsuspensionreason":"None","flowclientsuspensiontime":null,"flowclientsuspensionreasondetails":null,"creator":{"id":"83a7637b-0579-4972-9387-38cf4acc552c","type":"User","tenantId":"27e8797c-c1a2-46f5-ae46-a802d2e90028"},"provisioningMethod":"FromDefinition","failureAlertSubscription":true,"clientLastModifiedTime":"2024-01-28T08:52:46.8420606Z","connectionKeySavedTimeKey":"2024-01-28T08:52:25.5561625Z"},"$schema":"https://schema.management.azure.com/providers/Microsoft.Logic/schemas/2016-06-01/workflowdefinition.json#","contentVersion":"1.0.0.0","parameters":{"$authentication":{"defaultValue":{},"type":"SecureObject"},"$connections":{"defaultValue":{},"type":"Object"}},"triggers":{"When_a_file_is_created_(properties_only)":{"recurrence":{"frequency":"Minute","interval":1},"metadata":{"operationMetadataId":"bfbc0a50-dc8a-45ec-af68-b5cf9229edc3"},"type":"OpenApiConnection","inputs":{"parameters":{"dataset":"https://o365ninja.sharepoint.com/sites/EventRegistration","table":"fe0fd017-7cb6-4bd3-aa15-75381bc415bc"},"host":{"apiId":"/providers/Microsoft.PowerApps/apis/shared_sharepointonline","connectionName":"shared_sharepointonline","operationId":"GetOnNewFileItems"},"authentication":"@parameters('$authentication')"},"conditions":[]}},"actions":{"For_each":{"foreach":"@triggerOutputs()?['body/value']","actions":{"Get_file_content_using_path":{"metadata":{"operationMetadataId":"aabddb39-af73-4509-91f3-93ac15374e90"},"type":"OpenApiConnection","inputs":{"parameters":{"dataset":"https://o365ninja.sharepoint.com/sites/EventRegistration","path":"@item()?['{FullPath}']","inferContentType":true},"host":{"apiId":"/providers/Microsoft.PowerApps/apis/shared_sharepointonline","connectionName":"shared_sharepointonline","operationId":"GetFileContentByPath"},"authentication":"@parameters('$authentication')"}},"Extract_information_from_identity_documents":{"runAfter":{"Get_file_content_using_path":["Succeeded"]},"metadata":{"flowSystemMetadata":{"portalOperationId":"aibuilderpredict_identitydocumentpretrained","portalOperationGroup":"aibuilder","portalOperationApiDisplayNameOverride":"AI Builder","portalOperationIconOverride":"https://content.powerapps.com/resource/makerx/static/pauto/images/designeroperations/aiBuilderNew.51dbdb6b.png","portalOperationBrandColorOverride":"#0A76C4","portalOperationApiTierOverride":"Standard"},"operationMetadataId":"901add6e-417e-4d51-8eca-71b1a2024b90"},"type":"OpenApiConnection","inputs":{"parameters":{"item/requestv2/base64Encoded":"@body('Get_file_content_using_path')","recordId":"2c444168-f8b1-4c6a-9313-2d9c03be6fea"},"host":{"apiId":"/providers/Microsoft.PowerApps/apis/shared_commondataserviceforapps","connectionName":"shared_commondataserviceforapps","operationId":"aibuilderpredict_identitydocumentpretrained"},"authentication":"@parameters('$authentication')"}},"Get_items":{"runAfter":{"Extract_information_from_identity_documents":["Succeeded"]},"metadata":{"operationMetadataId":"02983f92-fa42-4bf9-9860-3c187154daed"},"type":"OpenApiConnection","inputs":{"parameters":{"dataset":"https://o365ninja.sharepoint.com/sites/EventRegistration","table":"0ebedf89-0fa7-4aad-bc39-a5aef8626dbc","$filter":"Title eq '@{split(item()?['{FullPath}'],'/')?[1]}'"},"host":{"apiId":"/providers/Microsoft.PowerApps/apis/shared_sharepointonline","connectionName":"shared_sharepointonline","operationId":"GetItems"},"authentication":"@parameters('$authentication')"}},"Get_item":{"runAfter":{"Get_items":["Succeeded"]},"metadata":{"operationMetadataId":"8de3166a-aa11-45ae-a103-27680c0de14f"},"type":"OpenApiConnection","inputs":{"parameters":{"dataset":"https://o365ninja.sharepoint.com/sites/EventRegistration","table":"0ebedf89-0fa7-4aad-bc39-a5aef8626dbc","id":"@first(outputs('Get_items')?['body/value'])?['Id']"},"host":{"apiId":"/providers/Microsoft.PowerApps/apis/shared_sharepointonline","connectionName":"shared_sharepointonline","operationId":"GetItem"},"authentication":"@parameters('$authentication')"}},"Condition":{"actions":{"Update_item":{"metadata":{"operationMetadataId":"39052de7-4ff7-41fc-8b19-9e2c080835b6"},"type":"OpenApiConnection","inputs":{"parameters":{"dataset":"https://o365ninja.sharepoint.com/sites/EventRegistration","table":"0ebedf89-0fa7-4aad-bc39-a5aef8626dbc","id":"@body('Get_item')?['ID']","item/DOB":"@outputs('Extract_information_from_identity_documents')?['body/responsev2/predictionOutput/result/fields/dateOfBirth/value']","item/Validationpassed/Value":"Passed","item/Identitydocument":"@outputs('Extract_information_from_identity_documents')?['body/responsev2/predictionOutput/result/fields/documentNumber/value']","item/Validthrough":"@outputs('Extract_information_from_identity_documents')?['body/responsev2/predictionOutput/result/fields/dateOfExpiration/value']"},"host":{"apiId":"/providers/Microsoft.PowerApps/apis/shared_sharepointonline","connectionName":"shared_sharepointonline","operationId":"PatchItem"},"authentication":"@parameters('$authentication')"}},"Send_an_email_(V2)":{"runAfter":{"Get_calendar_invitation":["Succeeded"]},"metadata":{"operationMetadataId":"a76825f0-3541-4c04-89aa-a9d25f659d81"},"type":"OpenApiConnection","inputs":{"parameters":{"emailMessage/To":"@body('Get_item')?['Email']","emailMessage/Subject":"Congratulations!  Your event registration is complete!","emailMessage/Body":"<p><span style=\"white-space: pre-wrap;\">Congratulations! Your identity has been successfully validated.</span></p><br><p><span style=\"white-space: pre-wrap;\">Add the attached invitation to your calendar. We're excited for you to join us!</span></p>","emailMessage/Attachments":[{"Name":"Meeting.ics","ContentBytes":"@body('Get_calendar_invitation')"}],"emailMessage/Importance":"Normal"},"host":{"apiId":"/providers/Microsoft.PowerApps/apis/shared_office365","connectionName":"shared_office365","operationId":"SendEmailV2"},"authentication":"@parameters('$authentication')"}},"Get_calendar_invitation":{"runAfter":{"Update_item":["Succeeded"]},"metadata":{"operationMetadataId":"d2b394f1-694d-44ea-97b8-63fea93e86f7"},"type":"OpenApiConnection","inputs":{"parameters":{"dataset":"https://o365ninja.sharepoint.com/sites/B21234-PowerPlatformAIRevolution","path":"/Shared Documents/General/Chapter 8/The future of work with AI.ics","inferContentType":true},"host":{"apiId":"/providers/Microsoft.PowerApps/apis/shared_sharepointonline","connectionName":"shared_sharepointonline","operationId":"GetFileContentByPath"},"authentication":"@parameters('$authentication')"}}},"runAfter":{"Get_item":["Succeeded"]},"else":{"actions":{"Update_item_-_Failed":{"metadata":{"operationMetadataId":"ebcc9978-1f06-4a24-8b1f-339113e2c77a"},"type":"OpenApiConnection","inputs":{"parameters":{"dataset":"https://o365ninja.sharepoint.com/sites/EventRegistration","table":"0ebedf89-0fa7-4aad-bc39-a5aef8626dbc","id":"@body('Get_item')?['ID']","item/DOB":"@outputs('Extract_information_from_identity_documents')?['body/responsev2/predictionOutput/result/fields/dateOfBirth/value']","item/Validationpassed/Value":"Failed","item/Identitydocument":"@outputs('Extract_information_from_identity_documents')?['body/responsev2/predictionOutput/result/fields/documentNumber/value']","item/Validthrough":"@outputs('Extract_information_from_identity_documents')?['body/responsev2/predictionOutput/result/fields/dateOfExpiration/value']"},"host":{"apiId":"/providers/Microsoft.PowerApps/apis/shared_sharepointonline","connectionName":"shared_sharepointonline","operationId":"PatchItem"},"authentication":"@parameters('$authentication')"}},"Send_an_email_(V2)_-_Failed":{"runAfter":{"Update_item_-_Failed":["Succeeded"]},"metadata":{"operationMetadataId":"1cd67d91-4e3d-4576-b649-86f39a1bb5a2"},"type":"OpenApiConnection","inputs":{"parameters":{"emailMessage/To":"@body('Get_item')?['Email']","emailMessage/Subject":"WARNING! Your event registration is incomplete!","emailMessage/Body":"<p><span style=\"white-space: pre-wrap;\">Your identity was not successfully validated.</span></p><br><p><span style=\"white-space: pre-wrap;\">Please contact us at support@domain.com to assist further.</span></p>","emailMessage/Importance":"Normal"},"host":{"apiId":"/providers/Microsoft.PowerApps/apis/shared_office365","connectionName":"shared_office365","operationId":"SendEmailV2"},"authentication":"@parameters('$authentication')"}}}},"expression":{"and":[{"contains":["@outputs('Extract_information_from_identity_documents')?['body/responsev2/predictionOutput/result/fields/firstName/value']","@body('Get_item')?['FIrstname']"]},{"contains":["@outputs('Extract_information_from_identity_documents')?['body/responsev2/predictionOutput/result/fields/lastName/value']","@body('Get_item')?['Lastname']"]},{"equals":["",""]}]},"metadata":{"operationMetadataId":"34972cc3-38b8-439c-97ea-472d251b6256"},"type":"If"}},"runAfter":{},"metadata":{"operationMetadataId":"000c4cbf-8fb8-49d7-9d52-ecebfdcba315"},"type":"Foreach"}},"outputs":{}},"connectionReferences":{"shared_sharepointonline":{"connectionName":"9282e8c4c428452ebe33f856832c2732","source":"Embedded","id":"/providers/Microsoft.PowerApps/apis/shared_sharepointonline","tier":"NotSpecified"},"shared_commondataserviceforapps":{"connectionName":"shared-commondataser-3daff3d1-3871-43fa-a339-2c6c7473c614","source":"Embedded","id":"/providers/Microsoft.PowerApps/apis/shared_commondataserviceforapps","tier":"NotSpecified"},"shared_office365":{"connectionName":"shared-office365-8fbf6d61-39ef-4359-8257-8bed139b08e8","source":"Embedded","id":"/providers/Microsoft.PowerApps/apis/shared_office365","tier":"NotSpecified"}},"flowFailureAlertSubscribed":false,"isManaged":false}}