{"name":"7d2c0fed-04f7-4c78-be18-5b31ebc4e052","id":"/providers/Microsoft.Flow/flows/7d2c0fed-04f7-4c78-be18-5b31ebc4e052","type":"Microsoft.Flow/flows","properties":{"apiId":"/providers/Microsoft.PowerApps/apis/shared_logicflows","displayName":"Chapter 08 - Event Registration processing","definition":{"metadata":{"workflowEntityId":null,"processAdvisorMetadata":null,"flowChargedByPaygo":null,"flowclientsuspensionreason":"None","flowclientsuspensiontime":null,"flowclientsuspensionreasondetails":null,"creator":{"id":"83a7637b-0579-4972-9387-38cf4acc552c","type":"User","tenantId":"27e8797c-c1a2-46f5-ae46-a802d2e90028"},"provisioningMethod":"FromDefinition","failureAlertSubscription":true,"clientLastModifiedTime":"2024-01-28T07:52:06.84731Z","connectionKeySavedTimeKey":"2024-01-28T07:52:06.84731Z"},"$schema":"https://schema.management.azure.com/providers/Microsoft.Logic/schemas/2016-06-01/workflowdefinition.json#","contentVersion":"1.0.0.0","parameters":{"$authentication":{"defaultValue":{},"type":"SecureObject"},"$connections":{"defaultValue":{},"type":"Object"}},"triggers":{"When_a_new_response_is_submitted":{"metadata":{"operationMetadataId":"86e63b5f-3cfb-4221-a2d5-9960d73d0d34"},"type":"OpenApiConnectionWebhook","inputs":{"parameters":{"form_id":"fHnoJ6LB9UauRqgC0ukAKHtjp4N5BXJJk4c4z0rMVSxUQTFDTlU1S1hUQ0hNOFVOMEQwMzNDSlNSQi4u"},"host":{"apiId":"/providers/Microsoft.PowerApps/apis/shared_microsoftforms","connectionName":"shared_microsoftforms","operationId":"CreateFormWebhook"},"authentication":"@parameters('$authentication')"}}},"actions":{"Processing_the_form":{"actions":{"Apply_to_each":{"foreach":"@triggerOutputs()?['body/value']","actions":{"Get_response_details":{"metadata":{"operationMetadataId":"e506bc2d-2cd1-4623-b428-207ae1d44201"},"type":"OpenApiConnection","inputs":{"parameters":{"form_id":"fHnoJ6LB9UauRqgC0ukAKHtjp4N5BXJJk4c4z0rMVSxUQTFDTlU1S1hUQ0hNOFVOMEQwMzNDSlNSQi4u","response_id":"@items('Apply_to_each')?['resourceData/responseId']"},"host":{"apiId":"/providers/Microsoft.PowerApps/apis/shared_microsoftforms","connectionName":"shared_microsoftforms-2","operationId":"GetFormResponseById"},"authentication":"@parameters('$authentication')"}},"ComposeUnique":{"runAfter":{"Get_response_details":["Succeeded"]},"metadata":{"operationMetadataId":"8f940779-7ce8-4d12-ad93-9db41376c216"},"type":"Compose","inputs":"@concat(utcNow('yyyyMMddHHMMss'),'_',body('Get_response_details')?['r05e4d4be0beb4bb7b64c3b502b312d63'])"},"Create_item":{"runAfter":{"Create_new_folder":["Succeeded"]},"metadata":{"operationMetadataId":"d54c1fdf-e30b-4692-9181-983eaf0f6e44"},"type":"OpenApiConnection","inputs":{"parameters":{"dataset":"https://o365ninja.sharepoint.com/sites/EventRegistration","table":"0ebedf89-0fa7-4aad-bc39-a5aef8626dbc","item/Title":"@outputs('ComposeUnique')","item/FIrstname":"@{toUpper(body('Get_response_details')?['rd5fe1d483e4d4f23ac7a55bbbed1c004'])}","item/Lastname":"@{toUpper(body('Get_response_details')?['rfd1546de5f714c8da504d988e5c692ec'])}","item/Email":"@body('Get_response_details')?['r05e4d4be0beb4bb7b64c3b502b312d63']","item/Validationpassed/Value":"Pending submission","item/StreetAddress":"@body('Get_response_details')?['rfd1546de5f714c8da504d988e5c692ec']"},"host":{"apiId":"/providers/Microsoft.PowerApps/apis/shared_sharepointonline","connectionName":"shared_sharepointonline","operationId":"PostItem"},"authentication":"@parameters('$authentication')"}},"Create_new_folder":{"runAfter":{"ComposeUnique":["Succeeded"]},"type":"OpenApiConnection","inputs":{"parameters":{"dataset":"https://o365ninja.sharepoint.com/sites/EventRegistration","table":"fe0fd017-7cb6-4bd3-aa15-75381bc415bc","parameters/path":"@outputs('ComposeUnique')"},"host":{"apiId":"/providers/Microsoft.PowerApps/apis/shared_sharepointonline","connectionName":"shared_sharepointonline","operationId":"CreateNewFolder"},"authentication":"@parameters('$authentication')"}},"Generating_the_SharePoint_Online_file_request":{"actions":{"Send_an_HTTP_request_to_SharePoint":{"metadata":{"operationMetadataId":"7798a80e-7201-4018-a8c2-34cdf6af5a27"},"type":"OpenApiConnection","inputs":{"parameters":{"dataset":"https://o365ninja.sharepoint.com/sites/EventRegistration","parameters/method":"POST","parameters/uri":"_api/web/Lists/GetByTitle('Uploads')/GetItemById('@{body('Create_new_folder')?['ID']}')/ShareLink","parameters/body":"{\"request\": { \"createLink\" : true, \"settings\" : {    \"allowAnonymousAccess\" : true,    \"linkKind\" : 6,  \"restrictShareMembership\": false,    \"updatePassword\": false,    \"password\" : \"\",    \"description\": \"@{outputs('ComposeUnique')}\",    \"role\" : 8,    \"applicationLink\" : false,    \"limitUseToApplication\" : false    }  }}"},"host":{"apiId":"/providers/Microsoft.PowerApps/apis/shared_sharepointonline","connectionName":"shared_sharepointonline","operationId":"HttpRequest"},"authentication":"@parameters('$authentication')"}},"ComposeURL":{"runAfter":{"Send_an_HTTP_request_to_SharePoint":["Succeeded"]},"metadata":{"operationMetadataId":"12c136d4-5073-4303-8526-4f46375e5bd2"},"type":"Compose","inputs":"@body('Send_an_HTTP_request_to_SharePoint')?['d/ShareLink/sharingLinkInfo/url']"},"Send_an_email_(V2)":{"runAfter":{"ComposeURL":["Succeeded"]},"metadata":{"operationMetadataId":"bc919b9e-fd62-4545-875b-81fca16662a5"},"type":"OpenApiConnection","inputs":{"parameters":{"emailMessage/To":"@body('Get_response_details')?['r05e4d4be0beb4bb7b64c3b502b312d63']","emailMessage/Subject":"Identity verification request for AI event","emailMessage/Body":"<p><span style=\"white-space: pre-wrap;\">Dear </span>@{body('Get_response_details')?['rd5fe1d483e4d4f23ac7a55bbbed1c004']}<span style=\"white-space: pre-wrap;\">,</span></p><br><p><span style=\"white-space: pre-wrap;\">Thank you for your interest in our AI workplace event. Since this event is restricted to verified subscribers, you'll need to submit valid identification.</span></p><br><p><span style=\"white-space: pre-wrap;\">You can upload a copy of a driver's license or passport to the following link:</span><span style=\"white-space: pre-wrap;\"><br><br></span>@{outputs('ComposeURL')}</p><br><p><span style=\"white-space: pre-wrap;\">After your identification has been validated, you'll be send the event details.</span></p>","emailMessage/Importance":"Normal"},"host":{"apiId":"/providers/Microsoft.PowerApps/apis/shared_office365","connectionName":"shared_office365","operationId":"SendEmailV2"},"authentication":"@parameters('$authentication')"}}},"runAfter":{"Create_item":["Succeeded"]},"type":"Scope"}},"metadata":{"operationMetadataId":"1ed26604-4d85-42f7-b138-ebadd8a74ba2"},"type":"Foreach"}},"runAfter":{},"type":"Scope"}},"outputs":{}},"connectionReferences":{"shared_microsoftforms":{"connectionName":"shared-microsoftform-5fe5bec5-0a57-491f-a61a-cf0a6b2e15e1","source":"Embedded","id":"/providers/Microsoft.PowerApps/apis/shared_microsoftforms","tier":"NotSpecified"},"shared_microsoftforms-2":{"connectionName":"shared-microsoftform-11798625-6898-4917-bbc9-dad1eb871b66","source":"Embedded","id":"/providers/Microsoft.PowerApps/apis/shared_microsoftforms","tier":"NotSpecified"},"shared_sharepointonline":{"connectionName":"9282e8c4c428452ebe33f856832c2732","source":"Embedded","id":"/providers/Microsoft.PowerApps/apis/shared_sharepointonline","tier":"NotSpecified"},"shared_office365":{"connectionName":"shared-office365-8fbf6d61-39ef-4359-8257-8bed139b08e8","source":"Embedded","id":"/providers/Microsoft.PowerApps/apis/shared_office365","tier":"NotSpecified"}},"flowFailureAlertSubscribed":false,"isManaged":false}}