{"name":"b409c4fd-edf7-4d90-8f65-a45b85c19a8b","id":"/providers/Microsoft.Flow/flows/b409c4fd-edf7-4d90-8f65-a45b85c19a8b","type":"Microsoft.Flow/flows","properties":{"apiId":"/providers/Microsoft.PowerApps/apis/shared_logicflows","displayName":"Chapter 06 - Sentiment analysis of a shared mailbox","definition":{"metadata":{"workflowEntityId":null,"processAdvisorMetadata":null,"flowChargedByPaygo":null,"flowclientsuspensionreason":"None","flowclientsuspensiontime":null,"flowclientsuspensionreasondetails":null,"creator":{"id":"83a7637b-0579-4972-9387-38cf4acc552c","type":"User","tenantId":"27e8797c-c1a2-46f5-ae46-a802d2e90028"},"provisioningMethod":"FromDefinition","failureAlertSubscription":true,"clientLastModifiedTime":"2024-01-17T08:05:17.5347027Z","connectionKeySavedTimeKey":"2024-01-17T08:05:17.5347027Z"},"$schema":"https://schema.management.azure.com/providers/Microsoft.Logic/schemas/2016-06-01/workflowdefinition.json#","contentVersion":"1.0.0.0","parameters":{"$connections":{"defaultValue":{},"type":"Object"},"$authentication":{"defaultValue":{},"type":"SecureObject"}},"triggers":{"When_a_new_email_arrives_in_a_shared_mailbox_(V2)":{"recurrence":{"frequency":"Minute","interval":1},"metadata":{"operationMetadataId":"e591321f-4b45-44e1-8b4d-3b4b62f34c2a"},"type":"OpenApiConnection","inputs":{"host":{"apiId":"/providers/Microsoft.PowerApps/apis/shared_office365","connectionName":"shared_office365","operationId":"SharedMailboxOnNewEmailV2"},"parameters":{"mailboxAddress":"customerservice@o365ninja.com"},"authentication":"@parameters('$authentication')"}}},"actions":{"Apply_to_each":{"foreach":"@triggerOutputs()?['body/value']","actions":{"Detect_the_language_being_used_in_text":{"runAfter":{},"metadata":{"operationMetadataId":"f4cb3361-8b2e-489c-97ec-5e877ac51e0a","flowSystemMetadata":{"portalOperationId":"aibuilderpredict_languagedetection","portalOperationGroup":"aibuilder","portalOperationApiDisplayNameOverride":"AI Builder","portalOperationIconOverride":"https://content.powerapps.com/resource/makerx/static/pauto/images/designeroperations/aiBuilderNew.51dbdb6b.png","portalOperationBrandColorOverride":"#0A76C4","portalOperationApiTierOverride":"Standard"}},"type":"OpenApiConnection","inputs":{"host":{"apiId":"/providers/Microsoft.PowerApps/apis/shared_commondataserviceforapps","connectionName":"shared_commondataserviceforapps","operationId":"aibuilderpredict_languagedetection"},"parameters":{"item/requestv2/text":"@items('Apply_to_each')?['body']","recordId":"17a6f893-5b0b-4867-8fac-fb2eda9080b2"},"authentication":"@parameters('$authentication')"}},"Apply_to_each_2":{"foreach":"@outputs('Detect_the_language_being_used_in_text')?['body/responsev2/predictionOutput/results']","actions":{"Analyze_positive_or_negative_sentiment_in_text":{"runAfter":{},"metadata":{"operationMetadataId":"2690b2e8-9ff0-4046-bed5-b3092e185b74","flowSystemMetadata":{"portalOperationId":"aibuilderpredict_sentimentanalysis","portalOperationGroup":"aibuilder","portalOperationApiDisplayNameOverride":"AI Builder","portalOperationIconOverride":"https://content.powerapps.com/resource/makerx/static/pauto/images/designeroperations/aiBuilderNew.51dbdb6b.png","portalOperationBrandColorOverride":"#0A76C4","portalOperationApiTierOverride":"Standard"}},"type":"OpenApiConnection","inputs":{"host":{"apiId":"/providers/Microsoft.PowerApps/apis/shared_commondataserviceforapps","connectionName":"shared_commondataserviceforapps","operationId":"aibuilderpredict_sentimentanalysis"},"parameters":{"item/requestv2/language":"@items('Apply_to_each_2')?['language']","item/requestv2/text":"@items('Apply_to_each')?['body']","recordId":"f1c549c2-a97e-47a5-b612-c5c2bab0f163"},"authentication":"@parameters('$authentication')"}},"Condition":{"actions":{"Post_message_in_a_chat_or_channel":{"runAfter":{},"metadata":{"operationMetadataId":"503afca0-bcfb-427b-84c9-9c40c42d439f"},"type":"OpenApiConnection","inputs":{"host":{"apiId":"/providers/Microsoft.PowerApps/apis/shared_teams","connectionName":"shared_teams","operationId":"PostMessageToConversation"},"parameters":{"poster":"Flow bot","location":"Channel","body/recipient/groupId":"782a7ad9-5955-4d26-aab5-2112ec17fa87","body/recipient/channelId":"19:_O0X3mjtZrxPv-n1Z5XCcGtOxXWnoKpodUphvaOX0hA1@thread.tacv2","body/messageBody":"<p><span style=\"color: rgb(226,80,65)\">New customer service issue</span><br>\n<br>\nA message was received in the customer service mailbox expressing negative sentiment. Please review and follow up with the customer to understand the issue more clearly.<br>\n<strong>Received</strong>: @{items('Apply_to_each')?['receivedDateTime']}<br>\n<strong>From</strong>: @{items('Apply_to_each')?['from']}<br>\n<strong>Subject</strong>: @{items('Apply_to_each')?['subject']}<br>\n<strong>Body</strong>: @{items('Apply_to_each')?['body']}</p>"},"authentication":"@parameters('$authentication')"}}},"runAfter":{"Analyze_positive_or_negative_sentiment_in_text":["Succeeded"]},"expression":{"equals":["@outputs('Analyze_positive_or_negative_sentiment_in_text')?['body/responsev2/predictionOutput/result/sentiment']","negative"]},"metadata":{"operationMetadataId":"830e0d7d-3625-4862-8abb-7ca63bd24528"},"type":"If"}},"runAfter":{"Detect_the_language_being_used_in_text":["Succeeded"]},"metadata":{"operationMetadataId":"1321c764-e897-41a6-8bea-161677f1aac8"},"type":"Foreach"}},"runAfter":{},"metadata":{"operationMetadataId":"975845ea-4f5d-4edb-9192-b5f94c75e2e0"},"type":"Foreach"}},"outputs":{}},"connectionReferences":{"shared_commondataserviceforapps":{"connectionName":"shared-commondataser-3daff3d1-3871-43fa-a339-2c6c7473c614","source":"Embedded","id":"/providers/Microsoft.PowerApps/apis/shared_commondataserviceforapps","tier":"NotSpecified"},"shared_teams":{"connectionName":"shared-teams-89fa17b8-dd95-4a08-b64f-953ed06d797f","source":"Embedded","id":"/providers/Microsoft.PowerApps/apis/shared_teams","tier":"NotSpecified"},"shared_office365":{"connectionName":"shared-office365-8fbf6d61-39ef-4359-8257-8bed139b08e8","source":"Embedded","id":"/providers/Microsoft.PowerApps/apis/shared_office365","tier":"NotSpecified"}},"flowFailureAlertSubscribed":false,"isManaged":false}}