{"name":"010032b0-6d68-4e3b-a486-a124c7934862","id":"/providers/Microsoft.Flow/flows/010032b0-6d68-4e3b-a486-a124c7934862","type":"Microsoft.Flow/flows","properties":{"apiId":"/providers/Microsoft.PowerApps/apis/shared_logicflows","displayName":"Chapter 04 - Send me a weekly email on Monday morning to summarize unread messages in my mailbox","definition":{"metadata":{"workflowEntityId":null,"processAdvisorMetadata":null,"flowChargedByPaygo":null,"flowclientsuspensionreason":"None","flowclientsuspensiontime":null,"flowclientsuspensionreasondetails":null,"creator":{"id":"83a7637b-0579-4972-9387-38cf4acc552c","type":"User","tenantId":"27e8797c-c1a2-46f5-ae46-a802d2e90028"},"provisioningMethod":"FromDefinition","failureAlertSubscription":true,"clientLastModifiedTime":"2024-01-17T18:24:00.5460403Z","connectionKeySavedTimeKey":"2024-01-17T18:24:00.5460403Z"},"$schema":"https://schema.management.azure.com/providers/Microsoft.Logic/schemas/2016-06-01/workflowdefinition.json#","contentVersion":"1.0.0.0","parameters":{"$authentication":{"defaultValue":{},"type":"SecureObject"},"$connections":{"defaultValue":{},"type":"Object"}},"triggers":{"Recurrence":{"recurrence":{"frequency":"Week","interval":1,"startTime":null,"timeZone":null,"schedule":{"weekDays":["Monday"],"hours":["9"],"minutes":null}},"type":"Recurrence"}},"actions":{"Get_my_profile":{"runAfter":{},"type":"OpenApiConnection","inputs":{"host":{"apiId":"/providers/Microsoft.PowerApps/apis/shared_office365users","connectionName":"shared_office365users","operationId":"MyProfile_V2"},"authentication":"@parameters('$authentication')"}},"Get_emails":{"runAfter":{"Get_my_profile":["Succeeded"]},"metadata":{"Id::AAMkADFhMGU5Nzc1LTk4NDYtNGFiZi04ZTQ0LTA5NDI5ZDM3ZTQxMQAuAAAAAACeo3Cmpa7CQYJd4XlpcIb1AQA17i1-P1wYTaLpMWyTv2x2AAAAAAEMAAA=":"Inbox"},"type":"OpenApiConnection","inputs":{"parameters":{"folderPath":"Id::AAMkADFhMGU5Nzc1LTk4NDYtNGFiZi04ZTQ0LTA5NDI5ZDM3ZTQxMQAuAAAAAACeo3Cmpa7CQYJd4XlpcIb1AQA17i1-P1wYTaLpMWyTv2x2AAAAAAEMAAA=","fetchOnlyUnread":true,"includeAttachments":false,"top":5},"host":{"apiId":"/providers/Microsoft.PowerApps/apis/shared_office365","connectionName":"shared_office365","operationId":"GetEmailsV3"},"authentication":"@parameters('$authentication')"}},"Send_me_an_email_notification":{"runAfter":{"Create_HTML_table":["Succeeded"]},"type":"OpenApiConnection","inputs":{"parameters":{"NotificationEmailDefinition/notificationSubject":"Weekly Email Summary","NotificationEmailDefinition/notificationBody":"Hi @{outputs('Get_my_profile')?['body/displayName']}, you have @{length(outputs('Get_emails')?['body/value'])} unread emails in your mailbox. Here is a summary of them as well.@{body('Create_HTML_table')}"},"host":{"apiId":"/providers/Microsoft.PowerApps/apis/shared_flowpush","connectionName":"shared_flowpush","operationId":"SendEmailNotification"},"authentication":"@parameters('$authentication')"}},"For_each":{"foreach":"@outputs('Get_emails')?['body/value']","actions":{"Compose":{"runAfter":{"Html_to_text_(Subject)":["Succeeded"]},"type":"Compose","inputs":{"From":"@body('Html_to_text_(From)')","Subject":"@body('Html_to_text_(Subject)')"}},"Append_to_array_variable":{"runAfter":{"Set_variable":["Succeeded"]},"type":"AppendToArrayVariable","inputs":{"name":"EmailData","value":"@outputs('Compose')"}},"Html_to_text_(From)":{"type":"OpenApiConnection","inputs":{"parameters":{"Content":"<p>@{items('For_each')?['from']}</p>"},"host":{"apiId":"/providers/Microsoft.PowerApps/apis/shared_conversionservice","connectionName":"shared_conversionservice","operationId":"HtmlToText"},"authentication":"@parameters('$authentication')"}},"Html_to_text_(Subject)":{"runAfter":{"Html_to_text_(From)":["Succeeded"]},"type":"OpenApiConnection","inputs":{"parameters":{"Content":"<p>@{items('For_each')?['subject']}</p>"},"host":{"apiId":"/providers/Microsoft.PowerApps/apis/shared_conversionservice","connectionName":"shared_conversionservice","operationId":"HtmlToText"},"authentication":"@parameters('$authentication')"}},"Set_variable":{"runAfter":{"Compose":["Succeeded"]},"type":"SetVariable","inputs":{"name":"EmailDataObject","value":"@outputs('Compose')"}}},"runAfter":{"Initialize_variable_(EmailDataObject)":["Succeeded"]},"type":"Foreach"},"Initialize_variable_(EmailData)":{"runAfter":{"Get_emails":["Succeeded"]},"type":"InitializeVariable","inputs":{"variables":[{"name":"EmailData","type":"array"}]}},"Initialize_variable_(EmailDataObject)":{"runAfter":{"Initialize_variable_(EmailData)":["Succeeded"]},"type":"InitializeVariable","inputs":{"variables":[{"name":"EmailDataObject","type":"object","value":{"From":"","Subject":"","Body":""}}]}},"Create_HTML_table":{"runAfter":{"For_each":["Succeeded"]},"type":"Table","inputs":{"from":"@variables('EmailData')","format":"HTML"}}},"outputs":{}},"connectionReferences":{"shared_office365users":{"connectionName":"5ed626dc90874b5399396d4b760f9de6","source":"Embedded","id":"/providers/Microsoft.PowerApps/apis/shared_office365users","tier":"NotSpecified"},"shared_office365":{"connectionName":"shared-office365-8fbf6d61-39ef-4359-8257-8bed139b08e8","source":"Embedded","id":"/providers/Microsoft.PowerApps/apis/shared_office365","tier":"NotSpecified"},"shared_flowpush":{"connectionName":"shared-flowpush-8311dfe2-1ff6-4992-a5f4-20ed7e624623","source":"Embedded","id":"/providers/Microsoft.PowerApps/apis/shared_flowpush","tier":"NotSpecified"},"shared_conversionservice":{"connectionName":"shared-conversionser-4f730f79-b4d3-4ab6-afe1-3e3a0a89801f","source":"Embedded","id":"/providers/Microsoft.PowerApps/apis/shared_conversionservice","tier":"NotSpecified"}},"flowFailureAlertSubscribed":false,"isManaged":false}}